{
    "Settings": {
        "font-size": 24
    },
    "Agents": [
        {
            "Agent Name": "Humanoid",
            "Radius": 0.6000000238418579,
            "Height": 2.0,
            "MaxClimb": 0.8999999761581421,
            "MaxSlope": 45.0
        },
        {
            "Agent Name": "HII",
            "Radius": 0.6000000238418579,
            "Height": 1.0,
            "MaxClimb": 0.8999999761581421,
            "MaxSlope": 45.0
        }
    ]
}