{
    "gameName": "Ichorus",
    "gameWidth": 1920,
    "gameHeight": 1080,
    "sceneStartUp": 931858692302405727,
    "gravityStrength": 31.0,
    "environmentDiffuseMap": 2156934516316558493,
    "environmentSpecularMap": 5039238277833675935,
    "toneMappingMethod": "ACES",
    "iblDiffuseStrength": 0.3449999988079071,
    "iblSpecularStrength": 0.3540000021457672
}
