{
    "gameName": "Ichorus",
    "gameWidth": 1920,
    "gameHeight": 1080,
    "sceneStartUp": 6013669397032714241,
    "gravityStrength": 31.0,
    "environmentDiffuseMap": 2156934516316558493,
    "environmentSpecularMap": 5039238277833675935,
    "toneMappingMethod": "ACES",
    "iblDiffuseStrength": 0.10000000149011612,
    "iblSpecularStrength": 0.10000000149011612
}
