{
    "gameName": "Ichorus",
    "gameWidth": 1920,
    "gameHeight": 1080,
    "sceneStartUp": 12026537940437319681,
    "gravityStrength": 31.0,
    "environmentDiffuseMap": 2156934516316558493,
    "environmentSpecularMap": 5039238277833675935,
    "toneMappingMethod": "ACES",
    "iblDiffuseStrength": 0.2980000078678131,
    "iblSpecularStrength": 0.2919999957084656
}
