{
    "gameName": "Ichorus",
    "gameWidth": 1920,
    "gameHeight": 1080,
    "sceneStartUp": 17144386345788752601,
    "gravityStrength": 31.0,
    "environmentDiffuseMap": 2156934516316558493,
    "environmentSpecularMap": 5039238277833675935,
    "toneMappingMethod": "ACES",
    "iblDiffuseStrength": 0.47999998927116394,
    "iblSpecularStrength": 0.47200000286102295
}
