{"nodes":{"node:1000":{"location":{"x":-313,"y":27}},"node:10648761751132241929":{"location":{"x":0,"y":0}},"node:14683987017256009733":{"location":{"x":0,"y":0}},"node:16413369274166214657":{"location":{"x":0,"y":0}},"node:7766457989615091719":{"location":{"x":0,"y":0}},"node:848928961973829635":{"location":{"x":0,"y":0}}},"selection":null,"view":{"scroll":{"x":-123.470069885253906,"y":-151.911895751953125},"visible_rect":{"max":{"x":239.366531372070312,"y":814.89215087890625},"min":{"x":-451.00921630859375,"y":-554.9010009765625}},"zoom":0.273763954639434814}}