{"nodes":{"node:1000":{"location":{"x":0,"y":0}},"node:1553592791747919881":{"location":{"x":332,"y":-101}},"node:400671287141203979":{"location":{"x":364,"y":75}},"node:7318200314782007303":{"location":{"x":124,"y":-21}},"node:7894661067087511567":{"location":{"x":156,"y":-181}},"node:977132039444693005":{"location":{"x":227,"y":139}}},"selection":["node:7894661067087511567"],"view":{"scroll":{"x":-33.1461563110351562,"y":-137.498397827148438},"visible_rect":{"max":{"x":490.472564697265625,"y":274.0025634765625},"min":{"x":-44.1949424743652344,"y":-183.33148193359375}},"zoom":0.749998807907104492}}