{"nodes":{"node:1000":{"location":{"x":-137,"y":43}},"node:14930453553246748675":{"location":{"x":-20,"y":91}},"node:1671856250268041221":{"location":{"x":-93,"y":-69}},"node:1671856250268090377":{"location":{"x":140,"y":75}},"node:3977699259481686017":{"location":{"x":67,"y":-53}},"node:5707081516392038407":{"location":{"x":-77,"y":203}}},"selection":["node:5707081516392038407"],"view":{"scroll":{"x":-94.7304916381835938,"y":-136.081771850585938},"visible_rect":{"max":{"x":298.6025390625,"y":377.101959228515625},"min":{"x":-141.243499755859375,"y":-202.898406982421875}},"zoom":0.670689225196838379}}