{"nodes":{"node:1000":{"location":{"x":23,"y":107}},"node:2481782887480983553":{"location":{"x":156,"y":171}},"node:3485249974091497493":{"location":{"x":156,"y":59}},"node:9826318249429106707":{"location":{"x":156,"y":-53}}},"selection":["node:3485249974091497493"],"view":{"scroll":{"x":48.8711128234863281,"y":-110.13421630859375},"visible_rect":{"max":{"x":472.1898193359375,"y":500.41522216796875},"min":{"x":53.0650138854980469,"y":-119.585441589355469}},"zoom":0.920966684818267822}}