{"nodes":{"node:1000":{"location":{"x":0,"y":0}},"node:1553592791747919881":{"location":{"x":332,"y":-101}},"node:400671287141203979":{"location":{"x":364,"y":75}},"node:7318200314782007303":{"location":{"x":124,"y":-21}},"node:7894661067087511567":{"location":{"x":156,"y":-181}},"node:977132039444693005":{"location":{"x":227,"y":139}}},"selection":null,"view":{"scroll":{"x":25.711669921875,"y":-259.331146240234375},"visible_rect":{"max":{"x":572.711669921875,"y":83.668853759765625},"min":{"x":25.711669921875,"y":-259.331146240234375}},"zoom":1}}