{"nodes":{"node:1000":{"location":{"x":-137,"y":43}},"node:14833978005275803651":{"location":{"x":0,"y":0}},"node:5610605968421011457":{"location":{"x":0,"y":0}}},"selection":null,"view":{"scroll":{"x":85.580841064453125,"y":-132.465682983398438},"visible_rect":{"max":{"x":732.893798828125,"y":263.790924072265625},"min":{"x":125.0479736328125,"y":-193.554595947265625}},"zoom":0.68438410758972168}}