{"nodes":{"node:1000":{"location":{"x":-169,"y":-37}},"node:14930453553246748675":{"location":{"x":163,"y":-37}},"node:1671856250268041221":{"location":{"x":-125,"y":43}},"node:1671856250268090377":{"location":{"x":172,"y":91}},"node:3977699259481686017":{"location":{"x":35,"y":187}},"node:5707081516392038407":{"location":{"x":0,"y":0}}},"selection":["node:14930453553246748675"],"view":{"scroll":{"x":6.51611471176147461,"y":-51.524505615234375},"visible_rect":{"max":{"x":334.0286865234375,"y":388.642364501953125},"min":{"x":8.68834018707275391,"y":-68.7008209228515625}},"zoom":0.749983847141265869}}