{"nodes":{"node:1000":{"location":{"x":-137,"y":43}},"node:14930453553246748675":{"location":{"x":-20,"y":91}},"node:1671856250268041221":{"location":{"x":-93,"y":-69}},"node:1671856250268090377":{"location":{"x":140,"y":75}},"node:3977699259481686017":{"location":{"x":67,"y":-53}},"node:5707081516392038407":{"location":{"x":-77,"y":203}}},"selection":null,"view":{"scroll":{"x":-124.85064697265625,"y":-95.83892822265625},"visible_rect":{"max":{"x":276.14935302734375,"y":270.16107177734375},"min":{"x":-124.85064697265625,"y":-95.83892822265625}},"zoom":1}}