{"nodes":{"node:1000":{"location":{"x":-137,"y":27}},"node:11869518716972498947":{"location":{"x":15,"y":120}},"node:3846479126125215745":{"location":{"x":5,"y":-56}},"node:8458165144552685571":{"location":{"x":182,"y":-10}}},"selection":null,"view":{"scroll":{"x":-185.38677978515625,"y":-158.494552612304688},"visible_rect":{"max":{"x":393.613555908203125,"y":218.505630493164062},"min":{"x":-185.386932373046875,"y":-158.49468994140625}},"zoom":0.999999165534973145}}