{"nodes":{"node:1000":{"location":{"x":-185,"y":43}},"node:10648761751132241929":{"location":{"x":-164,"y":75}},"node:12611064553058926603":{"location":{"x":-4,"y":-101}},"node:12611064553060696079":{"location":{"x":-52,"y":91}},"node:14683987017256009733":{"location":{"x":83,"y":299}},"node:16413369274166214657":{"location":{"x":-157,"y":-69}},"node:1658310259297599509":{"location":{"x":60,"y":-5}},"node:2811231763900661769":{"location":{"x":-4,"y":91}},"node:7422917782328033287":{"location":{"x":0,"y":0}},"node:7766457989615091719":{"location":{"x":-36,"y":123}},"node:848928961973829635":{"location":{"x":124,"y":11}},"node:9728760791543595025":{"location":{"x":-93,"y":-69}}},"selection":null,"view":{"scroll":{"x":-253.272064208984375,"y":-74.8458786010742188},"visible_rect":{"max":{"x":359.133758544921875,"y":329.451995849609375},"min":{"x":-263.092864990234375,"y":-77.748077392578125}},"zoom":0.962671756744384766}}