{"nodes":{"node:1000":{"location":{"x":-169,"y":-37}},"node:13554120084823654411":{"location":{"x":0,"y":0}},"node:14130580837126930439":{"location":{"x":227,"y":-5}},"node:1448444286451908621":{"location":{"x":188,"y":91}},"node:16233225301454651393":{"location":{"x":140,"y":-85}},"node:5483669552575332355":{"location":{"x":3,"y":-101}},"node:5483669552575643657":{"location":{"x":-20,"y":91}}},"selection":null,"view":{"scroll":{"x":-125.733261108398438,"y":-113.590850830078125},"visible_rect":{"max":{"x":297.645538330078125,"y":170.305770874023438},"min":{"x":-109.022926330566406,"y":-98.4942779541015625}},"zoom":1.15327358245849609}}