{"nodes":{"node:1000":{"location":{"x":-137,"y":43}},"node:14930453553246748675":{"location":{"x":0,"y":0}},"node:1671856250268041221":{"location":{"x":0,"y":0}},"node:1671856250268090377":{"location":{"x":0,"y":0}},"node:3977699259481686017":{"location":{"x":0,"y":0}},"node:5707081516392038407":{"location":{"x":0,"y":0}}},"selection":null,"view":{"scroll":{"x":90.9763031005859375,"y":-3.33831787109375},"visible_rect":{"max":{"x":467.976318359375,"y":362.66168212890625},"min":{"x":90.9763031005859375,"y":-3.33831787109375}},"zoom":1}}