{"nodes":{"node:1000":{"location":{"x":-63,"y":96}},"node:1109856255733153793":{"location":{"x":0,"y":0}},"node:16097835815622492163":{"location":{"x":124,"y":-21}}},"selection":null,"view":{"scroll":{"x":-202.54052734375,"y":-81.0491561889648438},"visible_rect":{"max":{"x":422.07275390625,"y":300.724609375},"min":{"x":-294.315887451171875,"y":-117.774223327636719}},"zoom":0.688173949718475342}}