{"nodes":{"node:1000":{"location":{"x":-313,"y":27}},"node:10648761751132241929":{"location":{"x":-164,"y":75}},"node:14683987017256009733":{"location":{"x":83,"y":299}},"node:16413369274166214657":{"location":{"x":-157,"y":-69}},"node:7766457989615091719":{"location":{"x":-36,"y":155}},"node:848928961973829635":{"location":{"x":124,"y":11}}},"selection":["node:848928961973829635"],"view":{"scroll":{"x":-42.1179962158203125,"y":-25.9683628082275391},"visible_rect":{"max":{"x":-1.49066400527954102,"y":453.37628173828125},"min":{"x":-56.1574211120605469,"y":-34.624542236328125}},"zoom":0.749998748302459717}}