{"nodes":{"node:1000":{"location":{"x":-313,"y":27}},"node:10648761751132241929":{"location":{"x":0,"y":0}},"node:14683987017256009733":{"location":{"x":0,"y":0}},"node:16413369274166214657":{"location":{"x":0,"y":0}},"node:7766457989615091719":{"location":{"x":0,"y":0}},"node:848928961973829635":{"location":{"x":0,"y":0}}},"selection":null,"view":{"scroll":{"x":-143.918426513671875,"y":-139.29229736328125},"visible_rect":{"max":{"x":96.5347518920898438,"y":558.26251220703125},"min":{"x":-308.17755126953125,"y":-298.271484375}},"zoom":0.466998398303985596}}