{"nodes":{"node:1000":{"location":{"x":-169,"y":59}},"node:1221267603423068175":{"location":{"x":0,"y":0}},"node:13903404154096713735":{"location":{"x":0,"y":0}},"node:14930453553246748675":{"location":{"x":0,"y":0}},"node:16209247163311652875":{"location":{"x":0,"y":0}},"node:1671856250268041221":{"location":{"x":0,"y":0}},"node:1671856250268090377":{"location":{"x":0,"y":0}},"node:3977699259481686017":{"location":{"x":0,"y":0}},"node:5707081516392038407":{"location":{"x":0,"y":0}},"node:5832953621849931785":{"location":{"x":0,"y":0}},"node:9291718135670767629":{"location":{"x":0,"y":0}},"node:9868178887971946501":{"location":{"x":0,"y":0}}},"selection":null,"view":{"scroll":{"x":-540.86676025390625,"y":-185.527084350585938},"visible_rect":{"max":{"x":549.2431640625,"y":195.444503784179688},"min":{"x":-538.03564453125,"y":-184.55596923828125}},"zoom":1.00526189804077148}}