{"nodes":{"node:1000":{"location":{"x":-313,"y":27}},"node:10648761751132241929":{"location":{"x":-164,"y":75}},"node:14683987017256009733":{"location":{"x":83,"y":299}},"node:16413369274166214657":{"location":{"x":-157,"y":-69}},"node:7766457989615091719":{"location":{"x":-36,"y":155}},"node:848928961973829635":{"location":{"x":124,"y":11}}},"selection":["node:848928961973829635"],"view":{"scroll":{"x":-264.14947509765625,"y":-78.10693359375},"visible_rect":{"max":{"x":286.099334716796875,"y":520.3951416015625},"min":{"x":-343.74713134765625,"y":-101.643341064453125}},"zoom":0.768441259860992432}}