{"nodes":{"node:1000":{"location":{"x":-137,"y":43}},"node:12611064553058926603":{"location":{"x":0,"y":0}},"node:12611064553060696079":{"location":{"x":19,"y":-37}},"node:1658310259297599509":{"location":{"x":44,"y":107}},"node:2811231763900661769":{"location":{"x":0,"y":0}},"node:7422917782328033287":{"location":{"x":0,"y":0}}},"selection":["node:1658310259297599509"],"view":{"scroll":{"x":-174.003005981445312,"y":-76.2833786010742188},"visible_rect":{"max":{"x":339.83941650390625,"y":229.0770263671875},"min":{"x":-143.527923583984375,"y":-62.9230232238769531}},"zoom":1.21232855319976807}}