{"nodes":{"node:1000":{"location":{"x":-137,"y":43}},"node:10648761751132241929":{"location":{"x":0,"y":0}},"node:14683987017256009733":{"location":{"x":0,"y":0}},"node:16413369274166214657":{"location":{"x":0,"y":0}},"node:7766457989615091719":{"location":{"x":0,"y":0}},"node:848928961973829635":{"location":{"x":0,"y":0}}},"selection":null,"view":{"scroll":{"x":-212.660247802734375,"y":-145.002044677734375},"visible_rect":{"max":{"x":456.130615234375,"y":343.31134033203125},"min":{"x":-259.819244384765625,"y":-177.157318115234375}},"zoom":0.818493127822875977}}