{"nodes":{"node:1000":{"location":{"x":0,"y":0}},"node:1221267603423068175":{"location":{"x":0,"y":0}},"node:13903404154096713735":{"location":{"x":0,"y":0}},"node:16209247163311652875":{"location":{"x":0,"y":0}},"node:5832953621849931785":{"location":{"x":0,"y":0}},"node:9291718135670767629":{"location":{"x":0,"y":0}},"node:9868178887971946501":{"location":{"x":0,"y":0}}},"selection":null,"view":{"scroll":{"x":35.77734375,"y":-131.52362060546875},"visible_rect":{"max":{"x":461.039825439453125,"y":281.970550537109375},"min":{"x":47.7034721374511719,"y":-175.366104125976562}},"zoom":0.749994516372680664}}