{"nodes":{"node:1000":{"location":{"x":-313,"y":27}},"node:10648761751132241929":{"location":{"x":-164,"y":75}},"node:14683987017256009733":{"location":{"x":83,"y":299}},"node:16413369274166214657":{"location":{"x":-157,"y":-69}},"node:7766457989615091719":{"location":{"x":-36,"y":155}},"node:848928961973829635":{"location":{"x":124,"y":11}}},"selection":["node:848928961973829635"],"view":{"scroll":{"x":-37.8463859558105469,"y":-58.3741493225097656},"visible_rect":{"max":{"x":347.435791015625,"y":205.08392333984375},"min":{"x":-25.230926513671875,"y":-38.9161033630371094}},"zoom":1.49999988079071045}}