{"nodes":{"node:1000":{"location":{"x":-169,"y":59}},"node:12611064553058926603":{"location":{"x":0,"y":0}},"node:13554120084823654411":{"location":{"x":-68,"y":155}},"node:14130580837126930439":{"location":{"x":35,"y":59}},"node:1448444286451908621":{"location":{"x":51,"y":139}},"node:14833978005275803651":{"location":{"x":0,"y":0}},"node:14930453553246748675":{"location":{"x":0,"y":0}},"node:16233225301454651393":{"location":{"x":108,"y":-69}},"node:1671856250268041221":{"location":{"x":0,"y":0}},"node:1671856250268090377":{"location":{"x":0,"y":0}},"node:2811231763900661769":{"location":{"x":0,"y":0}},"node:3977699259481686017":{"location":{"x":0,"y":0}},"node:5483669552575332355":{"location":{"x":140,"y":-5}},"node:5483669552575643657":{"location":{"x":-52,"y":-21}},"node:5610605968421011457":{"location":{"x":0,"y":0}},"node:5707081516392038407":{"location":{"x":0,"y":0}},"node:7422917782328033287":{"location":{"x":0,"y":0}}},"selection":["node:16233225301454651393"],"view":{"scroll":{"x":-274.395782470703125,"y":-184.555755615234375},"visible_rect":{"max":{"x":285.604217529296875,"y":195.444244384765625},"min":{"x":-274.395782470703125,"y":-184.555755615234375}},"zoom":1}}