{"nodes":{"node:1000":{"location":{"x":-169,"y":-37}},"node:1221267603423068175":{"location":{"x":0,"y":0}},"node:13554120084823654411":{"location":{"x":0,"y":0}},"node:13903404154096713735":{"location":{"x":0,"y":0}},"node:14130580837126930439":{"location":{"x":0,"y":0}},"node:1448444286451908621":{"location":{"x":0,"y":0}},"node:14930453553246748675":{"location":{"x":0,"y":0}},"node:16209247163311652875":{"location":{"x":0,"y":0}},"node:16233225301454651393":{"location":{"x":0,"y":0}},"node:1671856250268041221":{"location":{"x":0,"y":0}},"node:1671856250268090377":{"location":{"x":0,"y":0}},"node:3325363430777339905":{"location":{"x":0,"y":0}},"node:3977699259481686017":{"location":{"x":0,"y":0}},"node:5483669552575332355":{"location":{"x":0,"y":0}},"node:5483669552575643657":{"location":{"x":0,"y":0}},"node:5707081516392038407":{"location":{"x":0,"y":0}},"node:5832953621849931785":{"location":{"x":0,"y":0}},"node:9291718135670767629":{"location":{"x":0,"y":0}},"node:9868178887971946501":{"location":{"x":0,"y":0}}},"selection":null,"view":{"scroll":{"x":-55.0534896850585938,"y":-9.14890098571777344},"visible_rect":{"max":{"x":-77.6565475463867188,"y":325.285064697265625},"min":{"x":-83.740875244140625,"y":-13.916229248046875}},"zoom":0.657426714897155762}}