{"nodes":{"node:1000":{"location":{"x":-169,"y":-37}},"node:14930453553246748675":{"location":{"x":0,"y":0}},"node:1671856250268041221":{"location":{"x":0,"y":0}},"node:1671856250268090377":{"location":{"x":0,"y":0}},"node:3977699259481686017":{"location":{"x":0,"y":0}},"node:5707081516392038407":{"location":{"x":0,"y":0}}},"selection":null,"view":{"scroll":{"x":-237.887313842773438,"y":-137.440414428710938},"visible_rect":{"max":{"x":829.466552734375,"y":410.09100341796875},"min":{"x":-442.308807373046875,"y":-255.545822143554688}},"zoom":0.537830829620361328}}