{"nodes":{"node:1000":{"location":{"x":-57,"y":27}},"node:3393788201250062337":{"location":{"x":28,"y":-37}}},"selection":null,"view":{"scroll":{"x":-96.395904541015625,"y":-87.5340728759765625},"visible_rect":{"max":{"x":118.436561584472656,"y":237.97979736328125},"min":{"x":-84.8176193237304688,"y":-77.02020263671875}},"zoom":1.13650798797607422}}