{"nodes":{"node:1000":{"location":{"x":-313,"y":27}},"node:958528280110481409":{"location":{"x":-180,"y":-21}}},"selection":["node:958528280110481409"],"view":{"scroll":{"x":-318.2320556640625,"y":-206.5067138671875},"visible_rect":{"max":{"x":0.511962950229644775,"y":397.6622314453125},"min":{"x":-212.15472412109375,"y":-137.671157836914062}},"zoom":1.4999997615814209}}