{"nodes":{"node:1000":{"location":{"x":-63,"y":96}},"node:1109856255733153793":{"location":{"x":0,"y":0}},"node:16097835815622492163":{"location":{"x":124,"y":-21}}},"selection":null,"view":{"scroll":{"x":-306.892059326171875,"y":-87.6160125732421875},"visible_rect":{"max":{"x":422.0726318359375,"y":266.97601318359375},"min":{"x":-294.31585693359375,"y":-84.02557373046875}},"zoom":1.04273033142089844}}