{"nodes":{"node:1000":{"location":{"x":-137,"y":75}},"node:13268528521715056641":{"location":{"x":-13,"y":75}},"node:3468695732557168647":{"location":{"x":-4,"y":235}},"node:4045156484860542979":{"location":{"x":179,"y":27}},"node:5774538741771059211":{"location":{"x":243,"y":155}},"node:586391971040182281":{"location":{"x":227,"y":283}}},"selection":["node:3468695732557168647"],"view":{"scroll":{"x":-94.26275634765625,"y":10.5546121597290039},"visible_rect":{"max":{"x":366.76531982421875,"y":376.58343505859375},"min":{"x":-94.2699737548828125,"y":10.555419921875}},"zoom":0.999923467636108398}}