{"nodes":{"node:1000":{"location":{"x":-137,"y":75}},"node:13268528521715056641":{"location":{"x":-13,"y":75}},"node:3468695732557168647":{"location":{"x":-4,"y":235}},"node:4045156484860542979":{"location":{"x":179,"y":27}},"node:5774538741771059211":{"location":{"x":243,"y":155}},"node:586391971040182281":{"location":{"x":227,"y":283}}},"selection":["node:4045156484860542979"],"view":{"scroll":{"x":130.884872436523438,"y":6.50342082977294922},"visible_rect":{"max":{"x":138.800125122070312,"y":380.49505615234375},"min":{"x":133.692855834960938,"y":6.6429443359375}},"zoom":0.978996753692626953}}