{"nodes":{"node:1000":{"location":{"x":-137,"y":43}},"node:14930453553246748675":{"location":{"x":-20,"y":91}},"node:1671856250268041221":{"location":{"x":-93,"y":-69}},"node:1671856250268090377":{"location":{"x":140,"y":75}},"node:3977699259481686017":{"location":{"x":67,"y":-53}},"node:5707081516392038407":{"location":{"x":-77,"y":203}}},"selection":["node:14930453553246748675"],"view":{"scroll":{"x":-96.6317901611328125,"y":-149.391082763671875},"visible_rect":{"max":{"x":295.006195068359375,"y":396.49139404296875},"min":{"x":-143.7073974609375,"y":-222.169143676757812}},"zoom":0.6724204421043396}}