{"nodes":{"node:1000":{"location":{"x":-313,"y":27}},"node:13268528521715056641":{"location":{"x":0,"y":0}},"node:3468695732557168647":{"location":{"x":0,"y":0}},"node:4045156484860542979":{"location":{"x":0,"y":0}},"node:5774538741771059211":{"location":{"x":0,"y":0}},"node:586391971040182281":{"location":{"x":0,"y":0}}},"selection":null,"view":{"scroll":{"x":-163.488128662109375,"y":-89.7520370483398438},"visible_rect":{"max":{"x":39.1328506469726562,"y":397.662384033203125},"min":{"x":-250.775665283203125,"y":-137.67132568359375}},"zoom":0.651929795742034912}}