{"nodes":{"node:1000":{"location":{"x":-169,"y":-37}},"node:1221267603423068175":{"location":{"x":0,"y":0}},"node:13903404154096713735":{"location":{"x":0,"y":0}},"node:16209247163311652875":{"location":{"x":0,"y":0}},"node:5832953621849931785":{"location":{"x":0,"y":0}},"node:9291718135670767629":{"location":{"x":0,"y":0}},"node:9868178887971946501":{"location":{"x":0,"y":0}}},"selection":null,"view":{"scroll":{"x":-100.290077209472656,"y":-100.525566101074219},"visible_rect":{"max":{"x":284.956634521484375,"y":323.310638427734375},"min":{"x":-133.724822998046875,"y":-134.038818359375}},"zoom":0.749973535537719727}}