{"nodes":{"node:1000":{"location":{"x":-127,"y":48}}},"selection":null,"view":{"scroll":{"x":-409.257476806640625,"y":-79.0804061889648438},"visible_rect":{"max":{"x":569.9515380859375,"y":273.23712158203125},"min":{"x":-438.665130615234375,"y":-84.7628173828125}},"zoom":0.932961046695709229}}