{"nodes":{"node:1000":{"location":{"x":-63,"y":96}},"node:1109856255733153793":{"location":{"x":0,"y":0}},"node:16097835815622492163":{"location":{"x":124,"y":-21}}},"selection":null,"view":{"scroll":{"x":-185.169723510742188,"y":-80.6737594604492188},"visible_rect":{"max":{"x":320.61993408203125,"y":266.97601318359375},"min":{"x":-192.863113403320312,"y":-84.02557373046875}},"zoom":0.960109591484069824}}