{"nodes":{"node:1000":{"location":{"x":-41,"y":43}},"node:13554120084823654411":{"location":{"x":0,"y":0}},"node:14130580837126930439":{"location":{"x":0,"y":0}},"node:1448444286451908621":{"location":{"x":0,"y":0}},"node:14930453553246748675":{"location":{"x":0,"y":0}},"node:16233225301454651393":{"location":{"x":0,"y":0}},"node:1671856250268041221":{"location":{"x":0,"y":0}},"node:1671856250268090377":{"location":{"x":0,"y":0}},"node:3977699259481686017":{"location":{"x":0,"y":0}},"node:5483669552575332355":{"location":{"x":0,"y":0}},"node:5483669552575643657":{"location":{"x":0,"y":0}},"node:5707081516392038407":{"location":{"x":0,"y":0}}},"selection":null,"view":{"scroll":{"x":-140.947799682617188,"y":-167.9495849609375},"visible_rect":{"max":{"x":1043.4481201171875,"y":743.74407958984375},"min":{"x":-534.70477294921875,"y":-637.13970947265625}},"zoom":0.263599306344985962}}