{"nodes":{"node:1000":{"location":{"x":-137,"y":43}},"node:13554120084823654411":{"location":{"x":0,"y":0}},"node:14130580837126930439":{"location":{"x":0,"y":0}},"node:1448444286451908621":{"location":{"x":0,"y":0}},"node:16233225301454651393":{"location":{"x":0,"y":0}},"node:5483669552575332355":{"location":{"x":0,"y":0}},"node:5483669552575643657":{"location":{"x":0,"y":0}}},"selection":null,"view":{"scroll":{"x":155.219573974609375,"y":-145.162078857421875},"visible_rect":{"max":{"x":650.976806640625,"y":263.790924072265625},"min":{"x":206.964950561523438,"y":-193.554595947265625}},"zoom":0.749979972839355469}}