{"nodes":{"node:1000":{"location":{"x":-137,"y":43}},"node:13554120084823654411":{"location":{"x":0,"y":0}},"node:14130580837126930439":{"location":{"x":0,"y":0}},"node:1448444286451908621":{"location":{"x":0,"y":0}},"node:16233225301454651393":{"location":{"x":0,"y":0}},"node:5483669552575332355":{"location":{"x":0,"y":0}},"node:5483669552575643657":{"location":{"x":0,"y":0}}},"selection":null,"view":{"scroll":{"x":-248.77587890625,"y":-26.3430881500244141},"visible_rect":{"max":{"x":406.81610107421875,"y":151.1046142578125},"min":{"x":-165.8505859375,"y":-17.5620594024658203}},"zoom":1.5}}