{"nodes":{"node:1000":{"location":{"x":-127,"y":48}}},"selection":null,"view":{"scroll":{"x":-280.474761962890625,"y":-73.6347503662109375},"visible_rect":{"max":{"x":454.14794921875,"y":273.23712158203125},"min":{"x":-322.861572265625,"y":-84.7628173828125}},"zoom":0.868715226650238037}}