{"nodes":{"node:1000":{"location":{"x":-185,"y":11}},"node:10402779001732415503":{"location":{"x":147,"y":-53}},"node:13861543515552825355":{"location":{"x":-93,"y":203}},"node:3485249974091399185":{"location":{"x":147,"y":11}},"node:3485249974091497493":{"location":{"x":147,"y":139}},"node:4061710726394429445":{"location":{"x":-93,"y":11}},"node:4638171478698131469":{"location":{"x":147,"y":-117}},"node:5791092983304585217":{"location":{"x":-93,"y":-117}},"node:5791092983304585219":{"location":{"x":-93,"y":-53}},"node:6367553735608172551":{"location":{"x":-93,"y":75}},"node:7520475240215068681":{"location":{"x":-93,"y":139}},"node:9826318249429106707":{"location":{"x":147,"y":75}}},"selection":null,"view":{"scroll":{"x":-231.977691650390625,"y":-117.321693420410156},"visible_rect":{"max":{"x":504.762451171875,"y":320.8746337890625},"min":{"x":-319.908447265625,"y":-161.792282104492188}},"zoom":0.725137710571289062}}