{"nodes":{"node:1000":{"location":{"x":-137,"y":75}},"node:13268528521715056641":{"location":{"x":-13,"y":75}},"node:3468695732557168647":{"location":{"x":-4,"y":235}},"node:4045156484860542979":{"location":{"x":179,"y":27}},"node:5774538741771059211":{"location":{"x":243,"y":155}},"node:586391971040182281":{"location":{"x":227,"y":283}}},"selection":["node:3468695732557168647"],"view":{"scroll":{"x":-97.6247177124023438,"y":6.49059867858886719},"visible_rect":{"max":{"x":372.213348388671875,"y":380.50323486328125},"min":{"x":-99.7247161865234375,"y":6.63021755218505859}},"zoom":0.978941977024078369}}