{"nodes":{"node:1000":{"location":{"x":-57,"y":27}},"node:3393788201250062337":{"location":{"x":28,"y":-37}}},"selection":null,"view":{"scroll":{"x":-100.238075256347656,"y":-127.429443359375},"visible_rect":{"max":{"x":144.021041870117188,"y":301.310302734375},"min":{"x":-110.402099609375,"y":-140.350631713867188}},"zoom":0.907936275005340576}}