{"nodes":{"node:1000":{"location":{"x":-137,"y":75}},"node:13268528521715056641":{"location":{"x":-13,"y":75}},"node:3468695732557168647":{"location":{"x":-4,"y":235}},"node:4045156484860542979":{"location":{"x":179,"y":27}},"node:5774538741771059211":{"location":{"x":243,"y":155}},"node:586391971040182281":{"location":{"x":227,"y":283}}},"selection":["node:3468695732557168647"],"view":{"scroll":{"x":-210.61761474609375,"y":6.5001835823059082},"visible_rect":{"max":{"x":487.631591796875,"y":380.49761962890625},"min":{"x":-215.139495849609375,"y":6.639739990234375}},"zoom":0.978981614112854004}}