{"nodes":{"node:12783459160308727813":{"location":{"x":124,"y":-53}},"node:7018851637274361857":{"location":{"x":140,"y":43}},"node:8748233894184845319":{"location":{"x":-13,"y":-85}},"node:9324694646488121347":{"location":{"x":-29,"y":59}}},"selection":null,"view":{"scroll":{"x":-295.18853759765625,"y":-182.740478515625},"visible_rect":{"max":{"x":775.81146240234375,"y":297.259521484375},"min":{"x":-295.18853759765625,"y":-182.740478515625}},"zoom":1}}