{"nodes":{"node:1000":{"location":{"x":-313,"y":27}},"node:10648761751132241929":{"location":{"x":-164,"y":75}},"node:14683987017256009733":{"location":{"x":83,"y":299}},"node:16413369274166214657":{"location":{"x":-157,"y":-69}},"node:7766457989615091719":{"location":{"x":-36,"y":155}},"node:848928961973829635":{"location":{"x":124,"y":11}}},"selection":["node:848928961973829635"],"view":{"scroll":{"x":-43.9232711791992188,"y":-47.8476638793945312},"visible_rect":{"max":{"x":357.929107666015625,"y":205.083938598632812},"min":{"x":-35.7242660522460938,"y":-38.916107177734375}},"zoom":1.22950804233551025}}