{"nodes":{"node:1000":{"location":{"x":-313,"y":27}},"node:10648761751132241929":{"location":{"x":-164,"y":75}},"node:14683987017256009733":{"location":{"x":83,"y":299}},"node:16413369274166214657":{"location":{"x":-157,"y":-69}},"node:7766457989615091719":{"location":{"x":-36,"y":155}},"node:848928961973829635":{"location":{"x":124,"y":11}}},"selection":["node:848928961973829635"],"view":{"scroll":{"x":-264.14947509765625,"y":-26.6069488525390625},"visible_rect":{"max":{"x":286.099334716796875,"y":453.3763427734375},"min":{"x":-343.74713134765625,"y":-34.62457275390625}},"zoom":0.768441200256347656}}