{"nodes":{"node:1000":{"location":{"x":-313,"y":27}},"node:3898358490745143297":{"location":{"x":-125,"y":-53}},"node:439593976924618755":{"location":{"x":-157,"y":123}}},"selection":["node:3898358490745143297"],"view":{"scroll":{"x":-171.39508056640625,"y":-100.038810729980469},"visible_rect":{"max":{"x":24.2275238037109375,"y":397.662384033203125},"min":{"x":-235.870346069335938,"y":-137.67132568359375}},"zoom":0.72664952278137207}}