{"nodes":{"node:1000":{"location":{"x":-137,"y":75}},"node:13268528521715056641":{"location":{"x":-13,"y":75}},"node:3468695732557168647":{"location":{"x":-4,"y":235}},"node:4045156484860542979":{"location":{"x":179,"y":27}},"node:5774538741771059211":{"location":{"x":243,"y":155}},"node:586391971040182281":{"location":{"x":227,"y":283}}},"selection":["node:3468695732557168647"],"view":{"scroll":{"x":-99.1152191162109375,"y":6.50323867797851562},"visible_rect":{"max":{"x":373.734588623046875,"y":380.49505615234375},"min":{"x":-101.241668701171875,"y":6.64276123046875}},"zoom":0.97899627685546875}}