{"nodes":{"node:1000":{"location":{"x":-137,"y":43}},"node:14930453553246748675":{"location":{"x":115,"y":155}},"node:1671856250268041221":{"location":{"x":-148,"y":315}},"node:1671856250268090377":{"location":{"x":3,"y":331}},"node:3977699259481686017":{"location":{"x":-20,"y":155}},"node:5707081516392038407":{"location":{"x":0,"y":0}}},"selection":["node:14930453553246748675"],"view":{"scroll":{"x":-24.5699729919433594,"y":-22.7084865570068359},"visible_rect":{"max":{"x":316.5743408203125,"y":457.723419189453125},"min":{"x":-32.7600631713867188,"y":-30.2780742645263672}},"zoom":0.74999767541885376}}