{"nodes":{"node:1000":{"location":{"x":0,"y":0}},"node:14930453553246748675":{"location":{"x":0,"y":0}},"node:1671856250268041221":{"location":{"x":0,"y":0}},"node:1671856250268090377":{"location":{"x":0,"y":0}},"node:3977699259481686017":{"location":{"x":0,"y":0}},"node:5707081516392038407":{"location":{"x":0,"y":0}}},"selection":null,"view":{"scroll":{"x":35.77734375,"y":-131.52362060546875},"visible_rect":{"max":{"x":461.039825439453125,"y":281.970550537109375},"min":{"x":47.7034721374511719,"y":-175.366104125976562}},"zoom":0.749994516372680664}}