{"nodes":{"node:1000":{"location":{"x":-121,"y":43}},"node:10687833993663971347":{"location":{"x":-77,"y":219}},"node:1692377523110592525":{"location":{"x":28,"y":-149}},"node:3193844213719515157":{"location":{"x":51,"y":-5}},"node:3421759780022173711":{"location":{"x":172,"y":91}},"node:8033445798448218123":{"location":{"x":-116,"y":-85}}},"selection":["node:3193844213719515157"],"view":{"scroll":{"x":-159.144638061523438,"y":-154.422744750976562},"visible_rect":{"max":{"x":334.212615966796875,"y":365.8736572265625},"min":{"x":-158.83917236328125,"y":-154.1263427734375}},"zoom":1.0019230842590332}}