{"nodes":{"node:1000":{"location":{"x":-137,"y":43}},"node:10648761751132241929":{"location":{"x":0,"y":0}},"node:14683987017256009733":{"location":{"x":0,"y":0}},"node:16413369274166214657":{"location":{"x":0,"y":0}},"node:7766457989615091719":{"location":{"x":0,"y":0}},"node:848928961973829635":{"location":{"x":0,"y":0}}},"selection":null,"view":{"scroll":{"x":-212.66021728515625,"y":-51.5020561218261719},"visible_rect":{"max":{"x":456.13067626953125,"y":229.0770263671875},"min":{"x":-259.8192138671875,"y":-62.9230232238769531}},"zoom":0.818493008613586426}}