{"nodes":{"node:1000":{"location":{"x":5409,"y":3920}},"node:10489490878130225157":{"location":{"x":0,"y":0}},"node:1335643160524374019":{"location":{"x":0,"y":0}},"node:13371794639647326211":{"location":{"x":0,"y":0}},"node:5877804859702788097":{"location":{"x":0,"y":0}},"node:759182408220934145":{"location":{"x":0,"y":0}}},"selection":null,"view":{"scroll":{"x":7807.591796875,"y":5733.2890625},"visible_rect":{"max":{"x":5647.06591796875,"y":4106.1962890625},"min":{"x":5205.0654296875,"y":3822.19580078125}},"zoom":1.49999868869781494}}