{"nodes":{"node:1000":{"location":{"x":-169,"y":-37}},"node:13554120084823654411":{"location":{"x":0,"y":0}},"node:14130580837126930439":{"location":{"x":0,"y":0}},"node:1448444286451908621":{"location":{"x":0,"y":0}},"node:16233225301454651393":{"location":{"x":0,"y":0}},"node:5483669552575332355":{"location":{"x":0,"y":0}},"node:5483669552575643657":{"location":{"x":0,"y":0}}},"selection":null,"view":{"scroll":{"x":-154.02392578125,"y":-5.27539539337158203},"visible_rect":{"max":{"x":4064.720703125,"y":323.310638427734375},"min":{"x":-3913.48681640625,"y":-134.038848876953125}},"zoom":0.0393572114408016205}}