{"nodes":{"node:1000":{"location":{"x":-41,"y":43}},"node:14833978005275803651":{"location":{"x":108,"y":75}},"node:5610605968421011457":{"location":{"x":99,"y":-53}}},"selection":["link:3"],"view":{"scroll":{"x":-391.672271728515625,"y":-128.456024169921875},"visible_rect":{"max":{"x":1043.4481201171875,"y":281.970550537109375},"min":{"x":-534.70477294921875,"y":-175.366119384765625}},"zoom":0.73250192403793335}}