{"nodes":{"node:1000":{"location":{"x":-127,"y":48}},"node:14122356461356171265":{"location":{"x":12,"y":-5}},"node:863759158377693187":{"location":{"x":3,"y":75}},"node:8934209690625671173":{"location":{"x":-20,"y":-53}}},"selection":null,"view":{"scroll":{"x":-274.607147216796875,"y":-81.2113189697265625},"visible_rect":{"max":{"x":417.90264892578125,"y":273.23712158203125},"min":{"x":-286.61614990234375,"y":-84.7628173828125}},"zoom":0.958100736141204834}}