{"nodes":{"node:1000":{"location":{"x":-175,"y":-48}},"node:12783459160308727813":{"location":{"x":124,"y":-53}},"node:7018851637274361857":{"location":{"x":140,"y":43}},"node:8748233894184845319":{"location":{"x":-13,"y":-85}},"node:9324694646488121347":{"location":{"x":-157,"y":43}}},"selection":null,"view":{"scroll":{"x":-213.88433837890625,"y":-100.996261596679688},"visible_rect":{"max":{"x":348.092529296875,"y":139.202987670898438},"min":{"x":-171.107467651367188,"y":-80.7970123291015625}},"zoom":1.25}}