{"nodes":{"node:1000":{"location":{"x":0,"y":0}},"node:1553592791747919881":{"location":{"x":332,"y":-101}},"node:400671287141203979":{"location":{"x":364,"y":75}},"node:7318200314782007303":{"location":{"x":124,"y":-37}},"node:7894661067087511567":{"location":{"x":156,"y":-181}},"node:977132039444693005":{"location":{"x":227,"y":139}}},"selection":["node:7318200314782007303"],"view":{"scroll":{"x":50.138946533203125,"y":-133.997848510742188},"visible_rect":{"max":{"x":451.138946533203125,"y":209.002151489257812},"min":{"x":50.138946533203125,"y":-133.997848510742188}},"zoom":1}}