{"nodes":{"node:1000":{"location":{"x":-313,"y":27}},"node:10648761751132241929":{"location":{"x":0,"y":0}},"node:14683987017256009733":{"location":{"x":0,"y":0}},"node:16413369274166214657":{"location":{"x":0,"y":0}},"node:7766457989615091719":{"location":{"x":0,"y":0}},"node:848928961973829635":{"location":{"x":0,"y":0}}},"selection":null,"view":{"scroll":{"x":-308.348541259765625,"y":-94.1239013671875},"visible_rect":{"max":{"x":239.36651611328125,"y":397.66241455078125},"min":{"x":-451.00921630859375,"y":-137.671310424804688}},"zoom":0.683685660362243652}}