{"nodes":{"node:1000":{"location":{"x":-169,"y":59}},"node:14930453553246748675":{"location":{"x":0,"y":0}},"node:1671856250268041221":{"location":{"x":0,"y":0}},"node:1671856250268090377":{"location":{"x":0,"y":0}},"node:3977699259481686017":{"location":{"x":0,"y":0}},"node:5707081516392038407":{"location":{"x":0,"y":0}}},"selection":null,"view":{"scroll":{"x":-541.75115966796875,"y":-156.38671875},"visible_rect":{"max":{"x":650.5421142578125,"y":195.444259643554688},"min":{"x":-639.33367919921875,"y":-184.555770874023438}},"zoom":0.847368419170379639}}