{"nodes":{"node:1000":{"location":{"x":-127,"y":48}}},"selection":null,"view":{"scroll":{"x":-409.4407958984375,"y":-78.8436355590820312},"visible_rect":{"max":{"x":571.4659423828125,"y":273.237152099609375},"min":{"x":-440.179534912109375,"y":-84.7628173828125}},"zoom":0.930167734622955322}}