{"nodes":{"node:1000":{"location":{"x":-201,"y":107}},"node:10648761751132241929":{"location":{"x":115,"y":299}},"node:14683987017256009733":{"location":{"x":-36,"y":187}},"node:16413369274166214657":{"location":{"x":-141,"y":-5}},"node:7766457989615091719":{"location":{"x":76,"y":11}},"node:848928961973829635":{"location":{"x":147,"y":155}}},"selection":["node:16413369274166214657"],"view":{"scroll":{"x":-227.62689208984375,"y":-33.5108299255371094},"visible_rect":{"max":{"x":249.631210327148438,"y":339.643218994140625},"min":{"x":-232.524673461914062,"y":-34.23187255859375}},"zoom":0.978936553001403809}}