{"nodes":{"node:1000":{"location":{"x":-137,"y":43}},"node:14930453553246748675":{"location":{"x":-20,"y":91}},"node:1671856250268041221":{"location":{"x":-93,"y":-69}},"node:1671856250268090377":{"location":{"x":140,"y":75}},"node:3977699259481686017":{"location":{"x":67,"y":-53}},"node:5707081516392038407":{"location":{"x":-77,"y":203}}},"selection":["node:5707081516392038407"],"view":{"scroll":{"x":-88.4903564453125,"y":-152.173599243164062},"visible_rect":{"max":{"x":275.34619140625,"y":377.101898193359375},"min":{"x":-117.987144470214844,"y":-202.89813232421875}},"zoom":0.75}}