{"nodes":{"node:1000":{"location":{"x":-185,"y":11}},"node:10402779001732415503":{"location":{"x":147,"y":-53}},"node:13861543515552825355":{"location":{"x":-93,"y":203}},"node:3485249974091399185":{"location":{"x":147,"y":11}},"node:3485249974091497493":{"location":{"x":147,"y":139}},"node:4061710726394429445":{"location":{"x":-93,"y":11}},"node:4638171478698131469":{"location":{"x":147,"y":-117}},"node:5791092983304585217":{"location":{"x":-93,"y":-117}},"node:5791092983304585219":{"location":{"x":-93,"y":-53}},"node:6367553735608172551":{"location":{"x":-93,"y":75}},"node:7520475240215068681":{"location":{"x":-93,"y":139}},"node:9826318249429106707":{"location":{"x":147,"y":75}}},"selection":null,"view":{"scroll":{"x":-279.467803955078125,"y":-34.1908950805664062},"visible_rect":{"max":{"x":1507.303466796875,"y":320.874603271484375},"min":{"x":-1322.4495849609375,"y":-161.792282104492188}},"zoom":0.211325854063034058}}