{"nodes":{"node:1000":{"location":{"x":-137,"y":43}},"node:14930453553246748675":{"location":{"x":115,"y":155}},"node:1671856250268041221":{"location":{"x":-148,"y":315}},"node:1671856250268090377":{"location":{"x":3,"y":331}},"node:3977699259481686017":{"location":{"x":-20,"y":155}},"node:5707081516392038407":{"location":{"x":0,"y":0}}},"selection":["node:5707081516392038407"],"view":{"scroll":{"x":-100.069580078125,"y":-22.7080478668212891},"visible_rect":{"max":{"x":417.24066162109375,"y":457.72271728515625},"min":{"x":-133.426132202148438,"y":-30.2774028778076172}},"zoom":0.749999821186065674}}