{"nodes":{"node:1000":{"location":{"x":-137,"y":43}},"node:10648761751132241929":{"location":{"x":0,"y":0}},"node:14683987017256009733":{"location":{"x":0,"y":0}},"node:16413369274166214657":{"location":{"x":0,"y":0}},"node:7766457989615091719":{"location":{"x":0,"y":0}},"node:848928961973829635":{"location":{"x":0,"y":0}}},"selection":null,"view":{"scroll":{"x":-230.953582763671875,"y":-111.985153198242188},"visible_rect":{"max":{"x":561.67333984375,"y":343.311309814453125},"min":{"x":-365.36199951171875,"y":-177.157318115234375}},"zoom":0.632122635841369629}}