{"nodes":{"node:1000":{"location":{"x":-313,"y":27}},"node:10648761751132241929":{"location":{"x":-164,"y":75}},"node:14683987017256009733":{"location":{"x":83,"y":299}},"node:16413369274166214657":{"location":{"x":-157,"y":-69}},"node:7766457989615091719":{"location":{"x":-36,"y":123}},"node:848928961973829635":{"location":{"x":124,"y":11}}},"selection":["node:10648761751132241929"],"view":{"scroll":{"x":-293.9459228515625,"y":-9.36244106292724609},"visible_rect":{"max":{"x":514.82757568359375,"y":391.882598876953125},"min":{"x":-506.033782958984375,"y":-16.1176280975341797}},"zoom":0.580882012844085693}}