{"nodes":{"node:1000":{"location":{"x":-41,"y":43}},"node:14833978005275803651":{"location":{"x":172,"y":107}},"node:5610605968421011457":{"location":{"x":108,"y":-69}}},"selection":["node:14833978005275803651"],"view":{"scroll":{"x":-217.025634765625,"y":-49.45880126953125},"visible_rect":{"max":{"x":342.974365234375,"y":350.54119873046875},"min":{"x":-217.025634765625,"y":-49.45880126953125}},"zoom":1}}