{"nodes":{"node:1000":{"location":{"x":-313,"y":27}},"node:10648761751132241929":{"location":{"x":-164,"y":75}},"node:14683987017256009733":{"location":{"x":83,"y":299}},"node:16413369274166214657":{"location":{"x":-157,"y":-69}},"node:7766457989615091719":{"location":{"x":-36,"y":155}},"node:848928961973829635":{"location":{"x":124,"y":11}}},"selection":["node:848928961973829635"],"view":{"scroll":{"x":-55.0539093017578125,"y":-67.2484359741210938},"visible_rect":{"max":{"x":361.721343994140625,"y":214.437255859375},"min":{"x":-39.5164756774902344,"y":-48.2694358825683594}},"zoom":1.3931887149810791}}