{"nodes":{"node:1000":{"location":{"x":-41,"y":43}},"node:14930453553246748675":{"location":{"x":0,"y":0}},"node:1671856250268041221":{"location":{"x":0,"y":0}},"node:1671856250268090377":{"location":{"x":0,"y":0}},"node:3977699259481686017":{"location":{"x":0,"y":0}},"node:5707081516392038407":{"location":{"x":0,"y":0}}},"selection":null,"view":{"scroll":{"x":-234.343582153320312,"y":-35.8576278686523438},"visible_rect":{"max":{"x":449.18121337890625,"y":350.5411376953125},"min":{"x":-323.23248291015625,"y":-49.4587898254394531}},"zoom":0.725000083446502686}}