{"nodes":{"node:1000":{"location":{"x":-137,"y":75}},"node:13268528521715056641":{"location":{"x":-13,"y":75}},"node:3468695732557168647":{"location":{"x":-4,"y":235}},"node:4045156484860542979":{"location":{"x":179,"y":27}},"node:5774538741771059211":{"location":{"x":243,"y":155}},"node:586391971040182281":{"location":{"x":227,"y":283}}},"selection":["node:3468695732557168647"],"view":{"scroll":{"x":-97.1110382080078125,"y":6.50804758071899414},"visible_rect":{"max":{"x":371.6875,"y":380.491302490234375},"min":{"x":-99.192230224609375,"y":6.64752197265625}},"zoom":0.979018568992614746}}