{"nodes":{"node:1000":{"location":{"x":-217,"y":59}},"node:13554120084823654411":{"location":{"x":172,"y":-133}},"node:14130580837126930439":{"location":{"x":115,"y":107}},"node:1448444286451908621":{"location":{"x":35,"y":219}},"node:16233225301454651393":{"location":{"x":-61,"y":-53}},"node:5483669552575332355":{"location":{"x":-68,"y":59}},"node:5483669552575643657":{"location":{"x":124,"y":-37}}},"selection":["node:1448444286451908621"],"view":{"scroll":{"x":27.6922950744628906,"y":41.1057357788085938},"visible_rect":{"max":{"x":344.33673095703125,"y":409.86944580078125},"min":{"x":29.54974365234375,"y":43.862884521484375}},"zoom":0.937141656875610352}}