{"nodes":{"node:1000":{"location":{"x":-169,"y":-37}},"node:1221267603423068175":{"location":{"x":0,"y":0}},"node:13554120084823654411":{"location":{"x":0,"y":0}},"node:13903404154096713735":{"location":{"x":0,"y":0}},"node:14130580837126930439":{"location":{"x":0,"y":0}},"node:1448444286451908621":{"location":{"x":0,"y":0}},"node:14930453553246748675":{"location":{"x":0,"y":0}},"node:16209247163311652875":{"location":{"x":0,"y":0}},"node:16233225301454651393":{"location":{"x":0,"y":0}},"node:1671856250268041221":{"location":{"x":0,"y":0}},"node:1671856250268090377":{"location":{"x":0,"y":0}},"node:3977699259481686017":{"location":{"x":0,"y":0}},"node:5483669552575332355":{"location":{"x":0,"y":0}},"node:5483669552575643657":{"location":{"x":0,"y":0}},"node:5707081516392038407":{"location":{"x":0,"y":0}},"node:5832953621849931785":{"location":{"x":0,"y":0}},"node:9291718135670767629":{"location":{"x":0,"y":0}},"node:9868178887971946501":{"location":{"x":0,"y":0}}},"selection":null,"view":{"scroll":{"x":-198.336090087890625,"y":-131.652420043945312},"visible_rect":{"max":{"x":654.4044189453125,"y":331.9393310546875},"min":{"x":-267.24658203125,"y":-177.394134521484375}},"zoom":0.742146432399749756}}