{
    "Master Volume": 1.164872169494629,
    "SFX Volume": 0.9869054555892944,
    "BGM Volume": 1.2781238555908203,
    "FullScreen": 1,
    "Fog": 0,
    "SSAO": 1,
    "Shadows": 0,
    "Anti-Aliasing": 1
}
