{
    "MusicVolume": 55.88162612915039,
    "SFXVolume": 33.06330871582031,
    "SliderVolume": 85.87437438964844
}
