{
    "Master Volume": 0.38619163632392883,
    "SFX Volume": 0.7922439575195313,
    "BGM Volume": 1.2781238555908203,
    "FullScreen": 0,
    "Fog": 0,
    "SSAO": 1,
    "Shadows": 0,
    "Anti-Aliasing": 0
}
