{
    "EntityData": {
        "children": [
            0
        ],
        "name": "Cube",
        "parent": 4294967295
    },
    "MeshRenderer": {
        "materials": [
            {
                "albedo": {
                    "color": {
                        "b": 0.10000000149011612,
                        "g": 0.10000000149011612,
                        "r": 0.10000000149011612
                    }
                },
                "ambient": 0.10000000149011612,
                "config": {
                    "metallic": 0.0,
                    "occulusion": 0.0,
                    "roughness": 0.5
                },
                "materialName": "Material",
                "normalMap": null,
                "renderingPipeline": "PBR"
            }
        ],
        "modelId": 1245008178564268053
    },
    "Transform": {
        "eulerAngles": {
            "x": 0.0,
            "y": -0.0,
            "z": 0.0
        },
        "localEulerAngles": {
            "x": 0.0,
            "y": -0.0,
            "z": 0.0
        },
        "localPosition": {
            "x": 2.9921875,
            "y": 1.2573232650756836,
            "z": -6.79525899887085
        },
        "localRotation": {
            "w": 1.0,
            "x": 0.0,
            "y": 0.0,
            "z": 0.0
        },
        "localScale": {
            "x": 1.0,
            "y": 1.0,
            "z": 1.0
        },
        "position": {
            "x": 6.830562591552734,
            "y": -0.1998605728149414,
            "z": -6.79525899887085
        },
        "rotation": {
            "w": 1.0,
            "x": 0.0,
            "y": 0.0,
            "z": 0.0
        },
        "scale": {
            "x": 1.0,
            "y": 1.0,
            "z": 1.0
        }
    },
    "id": 5
}
